stage,level,q,enemyDefense,successRate,deficientSuccessRate,deficientFailure,p10Hp,p50Hp,p90Hp
stage.01-01,1,0,0,100.0,100.0,,1000,1000,1000
stage.01-02,3,4,0,100.0,100.0,,1102,1102,1102
stage.01-03,5,8,0,100.0,100.0,,1209,1209,1209
stage.01-04,7,10,0,100.0,0.0,TIME_LIMIT,1286,1286,1286
stage.01-05,9,13,0,100.0,100.0,,1384,1384,1384
stage.01-06,11,17,0,100.0,100.0,,1508,1508,1508
stage.01-07,13,19,0,100.0,57.0,PLAYER_DIED,1594,1594,1594
stage.01-08,15,22,0,100.0,100.0,,1706,1706,1706
stage.01-09,17,26,0,100.0,100.0,,1851,1851,1851
stage.01-10,19,29,234,100.0,0.0,PLAYER_DIED,1977,1977,1977
stage.02-01,21,30,200,100.0,100.0,,2047,2047,2047
stage.02-02,23,40,260,100.0,100.0,,2432,2432,2432
stage.02-03,25,44,284,100.0,100.0,,2635,2635,2635
stage.02-04,27,48,398,100.0,0.0,PLAYER_DIED,2855,2855,2855
stage.02-05,29,51,326,100.0,100.0,,3042,3042,3042
stage.02-06,31,55,350,100.0,100.0,,3295,3295,3295
stage.02-07,33,58,368,100.0,0.0,TIME_LIMIT,3510,3510,3510
stage.02-08,35,62,392,100.0,100.0,,3803,3803,3803
stage.02-09,37,66,416,100.0,100.0,,4122,4122,4122
stage.02-10,39,69,434,100.0,0.0,PLAYER_DIED,4390,4390,4390
stage.03-01,41,70,440,100.0,100.0,,4510,4510,4510
stage.03-02,43,80,500,100.0,100.0,,5464,5464,5464
stage.03-03,45,84,524,100.0,100.0,,5937,5937,5937
stage.03-04,47,88,548,100.0,0.0,PLAYER_DIED,6454,6454,6454
stage.03-05,49,91,566,100.0,100.0,,6884,6884,6884
stage.03-06,51,95,590,100.0,100.0,,7490,7490,7490
stage.03-07,53,98,788,90.8,3.4,PLAYER_DIED,7993,7993,7993
stage.03-08,55,102,632,100.0,100.0,,8704,8704,8704
stage.03-09,57,106,656,100.0,100.0,,9485,9485,9485
stage.03-10,59,109,674,100.0,0.0,PLAYER_DIED,10130,10130,10130
stage.04-01,61,110,680,100.0,100.0,,10381,10381,10381
stage.04-02,63,120,740,100.0,100.0,,12848,12848,12848
stage.04-03,65,124,764,100.0,100.0,,14036,14036,14036
stage.04-04,67,128,788,100.0,0.0,PLAYER_DIED,15343,15343,15343
stage.04-05,69,131,806,100.0,100.0,,16417,16417,16417
stage.04-06,71,135,830,100.0,100.0,,17960,17960,17960
stage.04-07,73,138,848,100.0,0.0,PLAYER_DIED,19227,19227,19227
stage.04-08,75,142,872,100.0,100.0,,21049,21049,21049
stage.04-09,77,146,896,100.0,100.0,,23053,23053,23053
stage.04-10,79,149,1184,67.1,33.0,PLAYER_DIED,24698,24698,24698
