bossType,stage,level,q,skillToken,bossHp,bossAttack,defense,strikeDamage,recommendedRemainingHp,recommendedSuccessRate,previousBuildSuccessRate,worstClearTicks
SURVIVAL,1,41,70,N10,1,0,0,644,2,100.0,0.0,150
SURVIVAL,2,47,88,N10,1,0,0,926,2,100.0,0.0,150
SURVIVAL,3,53,98,R2,1,0,0,1147,6,100.0,0.0,150
SURVIVAL,4,59,109,R7,1,0,0,1456,4,100.0,0.0,150
SURVIVAL,5,67,128,R9,1,0,0,2204,5,100.0,0.0,150
SURVIVAL,6,73,138,E1,1,0,0,2766,6,100.0,0.0,150
SURVIVAL,7,79,149,E4,1,0,0,3555,5,100.0,0.0,150
SURVIVAL,8,100,170,E4,1,0,0,5821,6,100.0,0.0,150
SURVIVAL,9,130,200,E4,1,0,0,11961,4,100.0,0.0,150
SURVIVAL,10,170,240,E4,1,0,0,31518,1,100.0,0.0,150
BERSERK,1,41,70,N10,44308,0,0,0,4510,100.0,92.8,148
BERSERK,2,47,88,N10,66368,0,0,0,6454,100.0,0.0,148
BERSERK,3,53,98,R2,89030,0,0,0,7993,100.0,0.0,148
BERSERK,4,59,109,R7,127798,0,0,0,10130,100.0,0.0,148
BERSERK,5,67,128,R9,200820,0,0,0,15343,100.0,0.0,148
BERSERK,6,73,138,E1,275572,0,0,0,19227,100.0,0.0,145
BERSERK,7,79,149,E4,380396,0,0,0,24698,100.0,0.0,145
BERSERK,8,100,170,E4,636306,0,0,0,40333,100.0,0.0,145
BERSERK,9,130,200,E4,1317646,0,0,0,81881,100.0,0.0,145
BERSERK,10,170,240,E4,3381738,0,0,0,213127,100.0,0.0,145
ARMORED,1,41,70,N10,22194,0,513,0,4510,100.0,71.0,148
ARMORED,2,47,88,N10,33216,0,621,0,6454,100.0,0.0,148
ARMORED,3,53,98,R2,44548,0,681,0,7993,100.0,0.0,148
ARMORED,4,59,109,R7,63960,0,747,0,10130,100.0,0.0,148
ARMORED,5,67,128,R9,100494,0,861,0,15343,100.0,0.0,148
ARMORED,6,73,138,E1,137924,0,921,0,19227,100.0,0.0,145
ARMORED,7,79,149,E4,190356,0,987,0,24698,100.0,0.0,145
ARMORED,8,100,170,E4,318444,0,1113,0,40333,100.0,0.0,145
ARMORED,9,130,200,E4,610562,0,1353,0,81881,100.0,0.0,145
ARMORED,10,170,240,E4,1567030,0,1653,0,213127,100.0,0.0,145
