section,key,p50,p90,referenceSuccessRate,deficientSuccessRate,details
chapter,1,70.6,70.7,,,,accounts=100
chapter,2,245.6,245.7,,,,accounts=100
chapter,3,519.5,519.7,,,,accounts=100
chapter,4,891.7,891.9,,,,accounts=100
chapter,5,1361.0,1361.2,,,,accounts=100
chapter,6,1928.2,1928.4,,,,accounts=100
chapter,7,2595.7,2595.9,,,,accounts=100
chapter,8,3357.3,3357.5,,,,accounts=100
chapter,9,4221.4,4221.6,,,,accounts=100
chapter,10,5177.0,5177.2,,,,accounts=100
boss,1-4,,,1.0,0.0,ATTACK_CHECK;hp=4162;attack=18;defense=40
boss,1-7,,,1.0,0.0,HP_CHECK;hp=7422;attack=0;defense=85
boss,1-10,,,1.0,0.0,PENETRATION_CHECK;hp=4841;attack=155;defense=280
boss,2-4,,,1.0,0.0,PENETRATION_CHECK;hp=5954;attack=36;defense=360
boss,2-7,,,1.0,0.0,ATTACK_CHECK;hp=11450;attack=42;defense=225
boss,2-10,,,1.0,0.0,HP_CHECK;hp=16456;attack=0;defense=270
boss,3-4,,,1.0,0.0,HP_CHECK;hp=19711;attack=0;defense=290
boss,3-7,,,1.0,0.0,PENETRATION_CHECK;hp=9553;attack=49;defense=530
boss,3-10,,,1.0,0.0,ATTACK_CHECK;hp=21346;attack=66;defense=320
boss,4-4,,,1.0,0.0,ATTACK_CHECK;hp=23566;attack=84;defense=380
boss,4-7,,,0.9,0.0,HP_CHECK;hp=35350;attack=0;defense=420
boss,4-10,,,1.0,0.0,PENETRATION_CHECK;hp=21237;attack=646;defense=748
boss,5-4,,,0.9,0.0,PENETRATION_CHECK;hp=23772;attack=312;defense=810
boss,5-7,,,1.0,0.0,ATTACK_CHECK;hp=57111;attack=162;defense=545
boss,5-10,,,1.0,0.0,HP_CHECK;hp=66512;attack=0;defense=580
boss,6-4,,,1.0,0.0,HP_CHECK;hp=82664;attack=0;defense=625
boss,6-7,,,0.9,0.0,PENETRATION_CHECK;hp=40992;attack=429;defense=1016
boss,6-10,,,1.0,0.0,ATTACK_CHECK;hp=104013;attack=308;defense=695
boss,7-4,,,1.0,0.0,ATTACK_CHECK;hp=125019;attack=376;defense=740
boss,7-7,,,1.0,0.0,HP_CHECK;hp=170896;attack=0;defense=775
boss,7-10,,,1.0,0.0,PENETRATION_CHECK;hp=73848;attack=2865;defense=1222
boss,8-4,,,0.9,0.0,PENETRATION_CHECK;hp=88217;attack=966;defense=1284
boss,8-7,,,1.0,0.0,ATTACK_CHECK;hp=242439;attack=744;defense=890
boss,8-10,,,1.0,0.0,HP_CHECK;hp=325179;attack=0;defense=925
boss,9-4,,,0.9,0.0,HP_CHECK;hp=426735;attack=0;defense=970
boss,9-7,,,0.9,0.0,PENETRATION_CHECK;hp=183976;attack=1723;defense=1490
boss,9-10,,,1.0,0.0,ATTACK_CHECK;hp=488016;attack=1498;defense=1040
boss,10-4,,,1.0,0.0,ATTACK_CHECK;hp=599416;attack=1854;defense=1085
boss,10-7,,,1.0,0.0,HP_CHECK;hp=883699;attack=0;defense=1120
boss,10-10,,,1.0,0.5,PENETRATION_CHECK;hp=342637;attack=14369;defense=1696
promotion,NORMAL_TO_RARE,11,11,,,
promotion,RARE_TO_EPIC,32,32,,,
cohort,MARKET_USE,2322.4,2428.4,,,filled=2385024;requested=3396405
cohort,NO_MARKET,2599.3,2661.5,,,filled=0;requested=0
cohort,MARKET_LIQUIDITY_SHORTAGE,2333.2,2467.2,,,filled=4901443;requested=6782658
economy,marketVolume,7286467,,,,gross=6892453350;fee=689245335;unmatched=2892596
economy,riceSupply,6001902370,,,,consumed=787862265
economy,chapterOneM1PerFullCycle,50,,,,stageTenRepeatItems=0
